﻿<?xml version="1.0" encoding="utf-8"?>
<Document-Invoice>
  <Invoice-Header>
    <InvoiceNumber>(S)FS-3268/05/2023</InvoiceNumber>
    <InvoiceDate>2023-05-29</InvoiceDate>
    <SalesDate>2023-05-29</SalesDate>
    <InvoiceCurrency>PLN</InvoiceCurrency>
    <InvoicePaymentDueDate>2023-06-12</InvoicePaymentDueDate>
    <InvoicePaymentTerms>14</InvoicePaymentTerms>
    <DocumentFunctionCode>O</DocumentFunctionCode>
    <Remarks>DW/2023/05/5943</Remarks>
    <Order>
      <BuyerOrderNumber>ORD-358326</BuyerOrderNumber>
      <BuyerOrderDate></BuyerOrderDate>
    </Order>
    <Delivery>
      <DeliveryLocationNumber></DeliveryLocationNumber>
      <DeliveryDate>2023-05-29</DeliveryDate>
      <DespatchNumber></DespatchNumber>
      <Name></Name>
      <StreetAndNumber></StreetAndNumber>
      <CityName></CityName>
      <PostalCode></PostalCode>
      <Country></Country>
    </Delivery>
  </Invoice-Header>
  <Invoice-Parties>
    <Buyer>
      <ILN></ILN>
      <TaxID>6412472651</TaxID>
      <AccountNumber></AccountNumber>
      <Name>Naturalnie Sklep zielarsko-medyczny, drogeria Martyna Pietrowska</Name>
      <StreetAndNumber>ul. 1 Maja 43</StreetAndNumber>
      <CityName>Ruda Śląska</CityName>
      <PostalCode>41-706</PostalCode>
      <Country>PL</Country>
    </Buyer>
    <Payer>
      <ILN></ILN>
      <TaxID>6412472651</TaxID>
      <AccountNumber></AccountNumber>
      <Name>Naturalnie Sklep zielarsko-medyczny, drogeria Martyna Pietrowska</Name>
      <StreetAndNumber>ul. 1 Maja 43</StreetAndNumber>
      <CityName>Ruda Śląska</CityName>
      <PostalCode>41-706</PostalCode>
      <Country>PL</Country>
    </Payer>
    <Invoicee>
      <ILN></ILN>
      <TaxID>6412472651</TaxID>
      <AccountNumber></AccountNumber>
      <Name>Naturalnie Sklep zielarsko-medyczny, drogeria Martyna Pietrowska</Name>
      <StreetAndNumber>ul. 1 Maja 43</StreetAndNumber>
      <CityName>Ruda Śląska</CityName>
      <PostalCode>41-706</PostalCode>
      <Country>PL</Country>
    </Invoicee>
    <Seller>
      <ILN>5907502687003</ILN>
      <TaxID>5170422903</TaxID>
      <AccountNumber></AccountNumber>
      <CodeByBuyer>SYLVECO Sp . z o.o.</CodeByBuyer>
      <Name>Łąka 260F</Name>
      <StreetAndNumber>Łąka</StreetAndNumber>
      <CityName>36-004</CityName>
      <PostalCode>PL</PostalCode>
      <Country>PL</Country>
      <UtilizationRegisterNumber></UtilizationRegisterNumber>
      <CourtAndCapitalInformation></CourtAndCapitalInformation>
    </Seller>
    <Payee>
      <ILN>5907502687003</ILN>
      <TaxID>SYLVECO Sp . z o.o.</TaxID>
      <AccountNumber>Łąka 260F</AccountNumber>
      <Name>Łąka</Name>
      <StreetAndNumber>36-004</StreetAndNumber>
      <CityName>PL</CityName>
      <PostalCode>36-004</PostalCode>
      <Country>PL</Country>
    </Payee>
    <SellerHeadquarters>
      <ILN>5907502687003</ILN>
      <Name>SYLVECO Radosław Piela</Name>
      <StreetAndNumber>Łąka 260F</StreetAndNumber>
      <CityName>Łąka</CityName>
      <PostalCode>36-004</PostalCode>
      <Country>PL</Country>
    </SellerHeadquarters>
  </Invoice-Parties>
  <Invoice-Lines>
    <Line>
      <Line-Item>
        <LineNumber>1</LineNumber>
        <EAN>5907502687249</EAN>
        <BuyerItemCode></BuyerItemCode>
        <SupplierItemCode>1S13 ŻEL DO HIGIENY INTYM</SupplierItemCode>
        <ItemDescription>SYLVECO Łagodny żel do higieny intymnej</ItemDescription>
        <ItemType>CU</ItemType>
        <InvoiceQuantity>4.0000</InvoiceQuantity>
        <UnitOfMeasure>szt</UnitOfMeasure>
        <InvoiceUnitPacksize>1</InvoiceUnitPacksize>
        <PackItemUnitOfMeasure>PCE</PackItemUnitOfMeasure>
        <InvoiceUnitNetPrice>15.3700</InvoiceUnitNetPrice>
        <TaxRate>23.00</TaxRate>
        <TaxCategoryCode>S</TaxCategoryCode>
        <TaxReference>
          <ReferenceType>PKWiU</ReferenceType>
          <ReferenceNumber>20.42.15.0</ReferenceNumber>
        </TaxReference>
        <TaxAmount>14.14</TaxAmount>
        <NetAmount>61.48</NetAmount>
        <DeliveryBatchNumber>2024043088</DeliveryBatchNumber>
        <DeliveryExpirationDate>2024-04-30</DeliveryExpirationDate>
        <Line-Order>
          <BuyerOrderNumber></BuyerOrderNumber>
          <BuyerOrderDate></BuyerOrderDate>
        </Line-Order>
        <Line-Delivery>
          <DeliveryLocationNumber></DeliveryLocationNumber>
          <DeliveryDate>2023-05-29</DeliveryDate>
          <DespatchNumber></DespatchNumber>
          <Name></Name>
          <CityName></CityName>
          <PostalCode></PostalCode>
          <Country></Country>
        </Line-Delivery>
      </Line-Item>
    </Line>
    <Line>
      <Line-Item>
        <LineNumber>2</LineNumber>
        <EAN>5907502687195</EAN>
        <BuyerItemCode></BuyerItemCode>
        <SupplierItemCode>1S20 LEKKI ROKITNIKOWY</SupplierItemCode>
        <ItemDescription>SYLVECO Lekki krem rokitnikowy</ItemDescription>
        <ItemType>CU</ItemType>
        <InvoiceQuantity>1.0000</InvoiceQuantity>
        <UnitOfMeasure>szt</UnitOfMeasure>
        <InvoiceUnitPacksize>1</InvoiceUnitPacksize>
        <PackItemUnitOfMeasure>PCE</PackItemUnitOfMeasure>
        <InvoiceUnitNetPrice>26.7500</InvoiceUnitNetPrice>
        <TaxRate>23.00</TaxRate>
        <TaxCategoryCode>S</TaxCategoryCode>
        <TaxReference>
          <ReferenceType>PKWiU</ReferenceType>
          <ReferenceNumber>20.42.15.0</ReferenceNumber>
        </TaxReference>
        <TaxAmount>6.15</TaxAmount>
        <NetAmount>26.75</NetAmount>
        <DeliveryBatchNumber>2024043051</DeliveryBatchNumber>
        <DeliveryExpirationDate>2024-04-30</DeliveryExpirationDate>
        <Line-Order>
          <BuyerOrderNumber></BuyerOrderNumber>
          <BuyerOrderDate></BuyerOrderDate>
        </Line-Order>
        <Line-Delivery>
          <DeliveryLocationNumber></DeliveryLocationNumber>
          <DeliveryDate>2023-05-29</DeliveryDate>
          <DespatchNumber></DespatchNumber>
          <Name></Name>
          <CityName></CityName>
          <PostalCode></PostalCode>
          <Country></Country>
        </Line-Delivery>
      </Line-Item>
    </Line>
    <Line>
      <Line-Item>
        <LineNumber>3</LineNumber>
        <EAN>5902249010022</EAN>
        <BuyerItemCode></BuyerItemCode>
        <SupplierItemCode>3V14 KOJ.OLEJEK DO CIAŁA</SupplierItemCode>
        <ItemDescription>VIANEK Kojąco-regenerujący olejek do ciała</ItemDescription>
        <ItemType>CU</ItemType>
        <InvoiceQuantity>1.0000</InvoiceQuantity>
        <UnitOfMeasure>szt</UnitOfMeasure>
        <InvoiceUnitPacksize>1</InvoiceUnitPacksize>
        <PackItemUnitOfMeasure>PCE</PackItemUnitOfMeasure>
        <InvoiceUnitNetPrice>23.3300</InvoiceUnitNetPrice>
        <TaxRate>23.00</TaxRate>
        <TaxCategoryCode>S</TaxCategoryCode>
        <TaxReference>
          <ReferenceType>PKWiU</ReferenceType>
          <ReferenceNumber>20.42.15.0</ReferenceNumber>
        </TaxReference>
        <TaxAmount>5.37</TaxAmount>
        <NetAmount>23.33</NetAmount>
        <DeliveryBatchNumber>2024103123</DeliveryBatchNumber>
        <DeliveryExpirationDate>2024-10-31</DeliveryExpirationDate>
        <Line-Order>
          <BuyerOrderNumber></BuyerOrderNumber>
          <BuyerOrderDate></BuyerOrderDate>
        </Line-Order>
        <Line-Delivery>
          <DeliveryLocationNumber></DeliveryLocationNumber>
          <DeliveryDate>2023-05-29</DeliveryDate>
          <DespatchNumber></DespatchNumber>
          <Name></Name>
          <CityName></CityName>
          <PostalCode></PostalCode>
          <Country></Country>
        </Line-Delivery>
      </Line-Item>
    </Line>
    <Line>
      <Line-Item>
        <LineNumber>4</LineNumber>
        <EAN>5907502687508</EAN>
        <BuyerItemCode></BuyerItemCode>
        <SupplierItemCode>2B02 BIOLAVE KREM NA DZIEŃ</SupplierItemCode>
        <ItemDescription>BIOLAVEN Krem do twarzy na dzień</ItemDescription>
        <ItemType>CU</ItemType>
        <InvoiceQuantity>1.0000</InvoiceQuantity>
        <UnitOfMeasure>szt</UnitOfMeasure>
        <InvoiceUnitPacksize>1</InvoiceUnitPacksize>
        <PackItemUnitOfMeasure>PCE</PackItemUnitOfMeasure>
        <InvoiceUnitNetPrice>20.4900</InvoiceUnitNetPrice>
        <TaxRate>23.00</TaxRate>
        <TaxCategoryCode>S</TaxCategoryCode>
        <TaxReference>
          <ReferenceType>PKWiU</ReferenceType>
          <ReferenceNumber>20.42.15.0</ReferenceNumber>
        </TaxReference>
        <TaxAmount>4.71</TaxAmount>
        <NetAmount>20.49</NetAmount>
        <DeliveryBatchNumber>2024103156</DeliveryBatchNumber>
        <DeliveryExpirationDate>2024-10-31</DeliveryExpirationDate>
        <Line-Order>
          <BuyerOrderNumber></BuyerOrderNumber>
          <BuyerOrderDate></BuyerOrderDate>
        </Line-Order>
        <Line-Delivery>
          <DeliveryLocationNumber></DeliveryLocationNumber>
          <DeliveryDate>2023-05-29</DeliveryDate>
          <DespatchNumber></DespatchNumber>
          <Name></Name>
          <CityName></CityName>
          <PostalCode></PostalCode>
          <Country></Country>
        </Line-Delivery>
      </Line-Item>
    </Line>
    <Line>
      <Line-Item>
        <LineNumber>5</LineNumber>
        <EAN>5907502687515</EAN>
        <BuyerItemCode></BuyerItemCode>
        <SupplierItemCode>2B04 BIOLAVEN KREM NA NOC</SupplierItemCode>
        <ItemDescription>BIOLAVEN Krem do twarzy na noc</ItemDescription>
        <ItemType>CU</ItemType>
        <InvoiceQuantity>1.0000</InvoiceQuantity>
        <UnitOfMeasure>szt</UnitOfMeasure>
        <InvoiceUnitPacksize>1</InvoiceUnitPacksize>
        <PackItemUnitOfMeasure>PCE</PackItemUnitOfMeasure>
        <InvoiceUnitNetPrice>20.4900</InvoiceUnitNetPrice>
        <TaxRate>23.00</TaxRate>
        <TaxCategoryCode>S</TaxCategoryCode>
        <TaxReference>
          <ReferenceType>PKWiU</ReferenceType>
          <ReferenceNumber>20.42.15.0</ReferenceNumber>
        </TaxReference>
        <TaxAmount>4.71</TaxAmount>
        <NetAmount>20.49</NetAmount>
        <DeliveryBatchNumber>2024083146</DeliveryBatchNumber>
        <DeliveryExpirationDate>2024-08-31</DeliveryExpirationDate>
        <Line-Order>
          <BuyerOrderNumber></BuyerOrderNumber>
          <BuyerOrderDate></BuyerOrderDate>
        </Line-Order>
        <Line-Delivery>
          <DeliveryLocationNumber></DeliveryLocationNumber>
          <DeliveryDate>2023-05-29</DeliveryDate>
          <DespatchNumber></DespatchNumber>
          <Name></Name>
          <CityName></CityName>
          <PostalCode></PostalCode>
          <Country></Country>
        </Line-Delivery>
      </Line-Item>
    </Line>
    <Line>
      <Line-Item>
        <LineNumber>6</LineNumber>
        <EAN>5907502687881</EAN>
        <BuyerItemCode></BuyerItemCode>
        <SupplierItemCode>3V43 ODŻ.ŻEL POD PRYSZNI</SupplierItemCode>
        <ItemDescription>VIANEK Odżywczy żel pod prysznic</ItemDescription>
        <ItemType>CU</ItemType>
        <InvoiceQuantity>2.0000</InvoiceQuantity>
        <UnitOfMeasure>szt</UnitOfMeasure>
        <InvoiceUnitPacksize>1</InvoiceUnitPacksize>
        <PackItemUnitOfMeasure>PCE</PackItemUnitOfMeasure>
        <InvoiceUnitNetPrice>14.2300</InvoiceUnitNetPrice>
        <TaxRate>23.00</TaxRate>
        <TaxCategoryCode>S</TaxCategoryCode>
        <TaxReference>
          <ReferenceType>PKWiU</ReferenceType>
          <ReferenceNumber>20.42.15.0</ReferenceNumber>
        </TaxReference>
        <TaxAmount>6.55</TaxAmount>
        <NetAmount>28.46</NetAmount>
        <DeliveryBatchNumber>2024083139</DeliveryBatchNumber>
        <DeliveryExpirationDate>2024-08-31</DeliveryExpirationDate>
        <Line-Order>
          <BuyerOrderNumber></BuyerOrderNumber>
          <BuyerOrderDate></BuyerOrderDate>
        </Line-Order>
        <Line-Delivery>
          <DeliveryLocationNumber></DeliveryLocationNumber>
          <DeliveryDate>2023-05-29</DeliveryDate>
          <DespatchNumber></DespatchNumber>
          <Name></Name>
          <CityName></CityName>
          <PostalCode></PostalCode>
          <Country></Country>
        </Line-Delivery>
      </Line-Item>
    </Line>
    <Line>
      <Line-Item>
        <LineNumber>7</LineNumber>
        <EAN>5907502687546</EAN>
        <BuyerItemCode></BuyerItemCode>
        <SupplierItemCode>2B05 BIOLAVEN ŻEL DO CIAŁA</SupplierItemCode>
        <ItemDescription>BIOLAVEN Żel pod prysznic</ItemDescription>
        <ItemType>CU</ItemType>
        <InvoiceQuantity>2.0000</InvoiceQuantity>
        <UnitOfMeasure>szt</UnitOfMeasure>
        <InvoiceUnitPacksize>1</InvoiceUnitPacksize>
        <PackItemUnitOfMeasure>PCE</PackItemUnitOfMeasure>
        <InvoiceUnitNetPrice>15.3700</InvoiceUnitNetPrice>
        <TaxRate>23.00</TaxRate>
        <TaxCategoryCode>S</TaxCategoryCode>
        <TaxReference>
          <ReferenceType>PKWiU</ReferenceType>
          <ReferenceNumber>20.42.15.0</ReferenceNumber>
        </TaxReference>
        <TaxAmount>7.07</TaxAmount>
        <NetAmount>30.74</NetAmount>
        <DeliveryBatchNumber>2024113039</DeliveryBatchNumber>
        <DeliveryExpirationDate>2024-11-30</DeliveryExpirationDate>
        <Line-Order>
          <BuyerOrderNumber></BuyerOrderNumber>
          <BuyerOrderDate></BuyerOrderDate>
        </Line-Order>
        <Line-Delivery>
          <DeliveryLocationNumber></DeliveryLocationNumber>
          <DeliveryDate>2023-05-29</DeliveryDate>
          <DespatchNumber></DespatchNumber>
          <Name></Name>
          <CityName></CityName>
          <PostalCode></PostalCode>
          <Country></Country>
        </Line-Delivery>
      </Line-Item>
    </Line>
    <Line>
      <Line-Item>
        <LineNumber>8</LineNumber>
        <EAN>5907502687775</EAN>
        <BuyerItemCode></BuyerItemCode>
        <SupplierItemCode>3V38 NAW.ŻEL POD PRYSZNI</SupplierItemCode>
        <ItemDescription>VIANEK Nawilżający żel pod prysznic</ItemDescription>
        <ItemType>CU</ItemType>
        <InvoiceQuantity>2.0000</InvoiceQuantity>
        <UnitOfMeasure>szt</UnitOfMeasure>
        <InvoiceUnitPacksize>1</InvoiceUnitPacksize>
        <PackItemUnitOfMeasure>PCE</PackItemUnitOfMeasure>
        <InvoiceUnitNetPrice>14.8000</InvoiceUnitNetPrice>
        <TaxRate>23.00</TaxRate>
        <TaxCategoryCode>S</TaxCategoryCode>
        <TaxReference>
          <ReferenceType>PKWiU</ReferenceType>
          <ReferenceNumber>20.42.15.0</ReferenceNumber>
        </TaxReference>
        <TaxAmount>6.81</TaxAmount>
        <NetAmount>29.60</NetAmount>
        <DeliveryBatchNumber>2024113049</DeliveryBatchNumber>
        <DeliveryExpirationDate>2024-11-30</DeliveryExpirationDate>
        <Line-Order>
          <BuyerOrderNumber></BuyerOrderNumber>
          <BuyerOrderDate></BuyerOrderDate>
        </Line-Order>
        <Line-Delivery>
          <DeliveryLocationNumber></DeliveryLocationNumber>
          <DeliveryDate>2023-05-29</DeliveryDate>
          <DespatchNumber></DespatchNumber>
          <Name></Name>
          <CityName></CityName>
          <PostalCode></PostalCode>
          <Country></Country>
        </Line-Delivery>
      </Line-Item>
    </Line>
    <Line>
      <Line-Item>
        <LineNumber>9</LineNumber>
        <EAN>5907502687270</EAN>
        <BuyerItemCode></BuyerItemCode>
        <SupplierItemCode>1S02 ODBUDOWUJĄCY SZAM</SupplierItemCode>
        <ItemDescription>SYLVECO Odbudowujący szampon pszeniczno-owsiany</ItemDescription>
        <ItemType>CU</ItemType>
        <InvoiceQuantity>1.0000</InvoiceQuantity>
        <UnitOfMeasure>szt</UnitOfMeasure>
        <InvoiceUnitPacksize>1</InvoiceUnitPacksize>
        <PackItemUnitOfMeasure>PCE</PackItemUnitOfMeasure>
        <InvoiceUnitNetPrice>21.0600</InvoiceUnitNetPrice>
        <TaxRate>23.00</TaxRate>
        <TaxCategoryCode>S</TaxCategoryCode>
        <TaxReference>
          <ReferenceType>PKWiU</ReferenceType>
          <ReferenceNumber>20.42.16.0</ReferenceNumber>
        </TaxReference>
        <TaxAmount>4.84</TaxAmount>
        <NetAmount>21.06</NetAmount>
        <DeliveryBatchNumber>2024022991</DeliveryBatchNumber>
        <DeliveryExpirationDate>2024-02-29</DeliveryExpirationDate>
        <Line-Order>
          <BuyerOrderNumber></BuyerOrderNumber>
          <BuyerOrderDate></BuyerOrderDate>
        </Line-Order>
        <Line-Delivery>
          <DeliveryLocationNumber></DeliveryLocationNumber>
          <DeliveryDate>2023-05-29</DeliveryDate>
          <DespatchNumber></DespatchNumber>
          <Name></Name>
          <CityName></CityName>
          <PostalCode></PostalCode>
          <Country></Country>
        </Line-Delivery>
      </Line-Item>
    </Line>
    <Line>
      <Line-Item>
        <LineNumber>10</LineNumber>
        <EAN>5907502687430</EAN>
        <BuyerItemCode></BuyerItemCode>
        <SupplierItemCode>1S34 KREMOWY SZAMPON</SupplierItemCode>
        <ItemDescription>SYLVECO Kremowy szampon i płyn do kąpieli</ItemDescription>
        <ItemType>CU</ItemType>
        <InvoiceQuantity>1.0000</InvoiceQuantity>
        <UnitOfMeasure>szt</UnitOfMeasure>
        <InvoiceUnitPacksize>1</InvoiceUnitPacksize>
        <PackItemUnitOfMeasure>PCE</PackItemUnitOfMeasure>
        <InvoiceUnitNetPrice>20.4900</InvoiceUnitNetPrice>
        <TaxRate>23.00</TaxRate>
        <TaxCategoryCode>S</TaxCategoryCode>
        <TaxReference>
          <ReferenceType>PKWiU</ReferenceType>
          <ReferenceNumber>20.42.16.0</ReferenceNumber>
        </TaxReference>
        <TaxAmount>4.71</TaxAmount>
        <NetAmount>20.49</NetAmount>
        <DeliveryBatchNumber>2024033166</DeliveryBatchNumber>
        <DeliveryExpirationDate>2024-03-31</DeliveryExpirationDate>
        <Line-Order>
          <BuyerOrderNumber></BuyerOrderNumber>
          <BuyerOrderDate></BuyerOrderDate>
        </Line-Order>
        <Line-Delivery>
          <DeliveryLocationNumber></DeliveryLocationNumber>
          <DeliveryDate>2023-05-29</DeliveryDate>
          <DespatchNumber></DespatchNumber>
          <Name></Name>
          <CityName></CityName>
          <PostalCode></PostalCode>
          <Country></Country>
        </Line-Delivery>
      </Line-Item>
    </Line>
    <Line>
      <Line-Item>
        <LineNumber>11</LineNumber>
        <EAN>5902249010435</EAN>
        <BuyerItemCode></BuyerItemCode>
        <SupplierItemCode>3V72 NORM.PEELING DO TWARZ</SupplierItemCode>
        <ItemDescription>VIANEK Normalizujący peeling do twarzy</ItemDescription>
        <ItemType>CU</ItemType>
        <InvoiceQuantity>1.0000</InvoiceQuantity>
        <UnitOfMeasure>szt</UnitOfMeasure>
        <InvoiceUnitPacksize>1</InvoiceUnitPacksize>
        <PackItemUnitOfMeasure>PCE</PackItemUnitOfMeasure>
        <InvoiceUnitNetPrice>15.9300</InvoiceUnitNetPrice>
        <TaxRate>23.00</TaxRate>
        <TaxCategoryCode>S</TaxCategoryCode>
        <TaxReference>
          <ReferenceType>PKWiU</ReferenceType>
          <ReferenceNumber></ReferenceNumber>
        </TaxReference>
        <TaxAmount>3.66</TaxAmount>
        <NetAmount>15.93</NetAmount>
        <DeliveryBatchNumber>2024063024</DeliveryBatchNumber>
        <DeliveryExpirationDate>2024-06-30</DeliveryExpirationDate>
        <Line-Order>
          <BuyerOrderNumber></BuyerOrderNumber>
          <BuyerOrderDate></BuyerOrderDate>
        </Line-Order>
        <Line-Delivery>
          <DeliveryLocationNumber></DeliveryLocationNumber>
          <DeliveryDate>2023-05-29</DeliveryDate>
          <DespatchNumber></DespatchNumber>
          <Name></Name>
          <CityName></CityName>
          <PostalCode></PostalCode>
          <Country></Country>
        </Line-Delivery>
      </Line-Item>
    </Line>
    <Line>
      <Line-Item>
        <LineNumber>12</LineNumber>
        <EAN>5902249014952</EAN>
        <BuyerItemCode></BuyerItemCode>
        <SupplierItemCode>2B16 BIOLAVEN PEELING DO SKÓRY GŁOWY</SupplierItemCode>
        <ItemDescription>BIOLAVEN Peeling do skóry głowy</ItemDescription>
        <ItemType>CU</ItemType>
        <InvoiceQuantity>1.0000</InvoiceQuantity>
        <UnitOfMeasure>szt</UnitOfMeasure>
        <InvoiceUnitPacksize>1</InvoiceUnitPacksize>
        <PackItemUnitOfMeasure>PCE</PackItemUnitOfMeasure>
        <InvoiceUnitNetPrice>20.4900</InvoiceUnitNetPrice>
        <TaxRate>23.00</TaxRate>
        <TaxCategoryCode>S</TaxCategoryCode>
        <TaxReference>
          <ReferenceType>PKWiU</ReferenceType>
          <ReferenceNumber></ReferenceNumber>
        </TaxReference>
        <TaxAmount>4.71</TaxAmount>
        <NetAmount>20.49</NetAmount>
        <DeliveryBatchNumber>2024093018</DeliveryBatchNumber>
        <DeliveryExpirationDate>2024-09-30</DeliveryExpirationDate>
        <Line-Order>
          <BuyerOrderNumber></BuyerOrderNumber>
          <BuyerOrderDate></BuyerOrderDate>
        </Line-Order>
        <Line-Delivery>
          <DeliveryLocationNumber></DeliveryLocationNumber>
          <DeliveryDate>2023-05-29</DeliveryDate>
          <DespatchNumber></DespatchNumber>
          <Name></Name>
          <CityName></CityName>
          <PostalCode></PostalCode>
          <Country></Country>
        </Line-Delivery>
      </Line-Item>
    </Line>
    <Line>
      <Line-Item>
        <LineNumber>13</LineNumber>
        <EAN>5907502687867</EAN>
        <BuyerItemCode></BuyerItemCode>
        <SupplierItemCode>3V41 ODŻ.PEELING DO CIAŁ</SupplierItemCode>
        <ItemDescription>VIANEK Odżywczo-wygładzający peeling do ciała</ItemDescription>
        <ItemType>CU</ItemType>
        <InvoiceQuantity>1.0000</InvoiceQuantity>
        <UnitOfMeasure>szt</UnitOfMeasure>
        <InvoiceUnitPacksize>1</InvoiceUnitPacksize>
        <PackItemUnitOfMeasure>PCE</PackItemUnitOfMeasure>
        <InvoiceUnitNetPrice>15.3700</InvoiceUnitNetPrice>
        <TaxRate>23.00</TaxRate>
        <TaxCategoryCode>S</TaxCategoryCode>
        <TaxReference>
          <ReferenceType>PKWiU</ReferenceType>
          <ReferenceNumber>20.42.15.0</ReferenceNumber>
        </TaxReference>
        <TaxAmount>3.54</TaxAmount>
        <NetAmount>15.37</NetAmount>
        <DeliveryBatchNumber>2024073142</DeliveryBatchNumber>
        <DeliveryExpirationDate>2024-07-31</DeliveryExpirationDate>
        <Line-Order>
          <BuyerOrderNumber></BuyerOrderNumber>
          <BuyerOrderDate></BuyerOrderDate>
        </Line-Order>
        <Line-Delivery>
          <DeliveryLocationNumber></DeliveryLocationNumber>
          <DeliveryDate>2023-05-29</DeliveryDate>
          <DespatchNumber></DespatchNumber>
          <Name></Name>
          <CityName></CityName>
          <PostalCode></PostalCode>
          <Country></Country>
        </Line-Delivery>
      </Line-Item>
    </Line>
    <Line>
      <Line-Item>
        <LineNumber>14</LineNumber>
        <EAN>5907502687744</EAN>
        <BuyerItemCode></BuyerItemCode>
        <SupplierItemCode>3V35 NAW.PEELING DO CIAŁ</SupplierItemCode>
        <ItemDescription>VIANEK Nawilżająco-wygładzający peeling do ciała</ItemDescription>
        <ItemType>CU</ItemType>
        <InvoiceQuantity>1.0000</InvoiceQuantity>
        <UnitOfMeasure>szt</UnitOfMeasure>
        <InvoiceUnitPacksize>1</InvoiceUnitPacksize>
        <PackItemUnitOfMeasure>PCE</PackItemUnitOfMeasure>
        <InvoiceUnitNetPrice>17.0700</InvoiceUnitNetPrice>
        <TaxRate>23.00</TaxRate>
        <TaxCategoryCode>S</TaxCategoryCode>
        <TaxReference>
          <ReferenceType>PKWiU</ReferenceType>
          <ReferenceNumber>20.42.15.0</ReferenceNumber>
        </TaxReference>
        <TaxAmount>3.93</TaxAmount>
        <NetAmount>17.07</NetAmount>
        <DeliveryBatchNumber>2024043041</DeliveryBatchNumber>
        <DeliveryExpirationDate>2024-04-30</DeliveryExpirationDate>
        <Line-Order>
          <BuyerOrderNumber></BuyerOrderNumber>
          <BuyerOrderDate></BuyerOrderDate>
        </Line-Order>
        <Line-Delivery>
          <DeliveryLocationNumber></DeliveryLocationNumber>
          <DeliveryDate>2023-05-29</DeliveryDate>
          <DespatchNumber></DespatchNumber>
          <Name></Name>
          <CityName></CityName>
          <PostalCode></PostalCode>
          <Country></Country>
        </Line-Delivery>
      </Line-Item>
    </Line>
    <Line>
      <Line-Item>
        <LineNumber>15</LineNumber>
        <EAN>5907502687027</EAN>
        <BuyerItemCode></BuyerItemCode>
        <SupplierItemCode>1S15 BRZOZ-NAG SŁOIK</SupplierItemCode>
        <ItemDescription>SYLVECO Krem brzozowo-nagietkowy z betuliną</ItemDescription>
        <ItemType>CU</ItemType>
        <InvoiceQuantity>1.0000</InvoiceQuantity>
        <UnitOfMeasure>szt</UnitOfMeasure>
        <InvoiceUnitPacksize>1</InvoiceUnitPacksize>
        <PackItemUnitOfMeasure>PCE</PackItemUnitOfMeasure>
        <InvoiceUnitNetPrice>28.4600</InvoiceUnitNetPrice>
        <TaxRate>23.00</TaxRate>
        <TaxCategoryCode>S</TaxCategoryCode>
        <TaxReference>
          <ReferenceType>PKWiU</ReferenceType>
          <ReferenceNumber>20.42.15.0</ReferenceNumber>
        </TaxReference>
        <TaxAmount>6.55</TaxAmount>
        <NetAmount>28.46</NetAmount>
        <DeliveryBatchNumber>2024033170</DeliveryBatchNumber>
        <DeliveryExpirationDate>2024-03-31</DeliveryExpirationDate>
        <Line-Order>
          <BuyerOrderNumber></BuyerOrderNumber>
          <BuyerOrderDate></BuyerOrderDate>
        </Line-Order>
        <Line-Delivery>
          <DeliveryLocationNumber></DeliveryLocationNumber>
          <DeliveryDate>2023-05-29</DeliveryDate>
          <DespatchNumber></DespatchNumber>
          <Name></Name>
          <CityName></CityName>
          <PostalCode></PostalCode>
          <Country></Country>
        </Line-Delivery>
      </Line-Item>
    </Line>
    <Line>
      <Line-Item>
        <LineNumber>16</LineNumber>
        <EAN>5902249010688</EAN>
        <BuyerItemCode></BuyerItemCode>
        <SupplierItemCode>1S42 PASTA DO ZĘBÓW</SupplierItemCode>
        <ItemDescription>SYLVECO Naturalna pasta do zębów</ItemDescription>
        <ItemType>CU</ItemType>
        <InvoiceQuantity>1.0000</InvoiceQuantity>
        <UnitOfMeasure>szt</UnitOfMeasure>
        <InvoiceUnitPacksize>1</InvoiceUnitPacksize>
        <PackItemUnitOfMeasure>PCE</PackItemUnitOfMeasure>
        <InvoiceUnitNetPrice>11.9500</InvoiceUnitNetPrice>
        <TaxRate>23.00</TaxRate>
        <TaxCategoryCode>S</TaxCategoryCode>
        <TaxReference>
          <ReferenceType>PKWiU</ReferenceType>
          <ReferenceNumber></ReferenceNumber>
        </TaxReference>
        <TaxAmount>2.75</TaxAmount>
        <NetAmount>11.95</NetAmount>
        <DeliveryBatchNumber>2024043068</DeliveryBatchNumber>
        <DeliveryExpirationDate>2024-04-30</DeliveryExpirationDate>
        <Line-Order>
          <BuyerOrderNumber></BuyerOrderNumber>
          <BuyerOrderDate></BuyerOrderDate>
        </Line-Order>
        <Line-Delivery>
          <DeliveryLocationNumber></DeliveryLocationNumber>
          <DeliveryDate>2023-05-29</DeliveryDate>
          <DespatchNumber></DespatchNumber>
          <Name></Name>
          <CityName></CityName>
          <PostalCode></PostalCode>
          <Country></Country>
        </Line-Delivery>
      </Line-Item>
    </Line>
    <Line>
      <Line-Item>
        <LineNumber>17</LineNumber>
        <EAN>5902249010459</EAN>
        <BuyerItemCode></BuyerItemCode>
        <SupplierItemCode>2B11 BIOLAVEN KREM DO RĄK</SupplierItemCode>
        <ItemDescription>BIOLAVEN Krem do rąk</ItemDescription>
        <ItemType>CU</ItemType>
        <InvoiceQuantity>4.0000</InvoiceQuantity>
        <UnitOfMeasure>szt</UnitOfMeasure>
        <InvoiceUnitPacksize>1</InvoiceUnitPacksize>
        <PackItemUnitOfMeasure>PCE</PackItemUnitOfMeasure>
        <InvoiceUnitNetPrice>13.6600</InvoiceUnitNetPrice>
        <TaxRate>23.00</TaxRate>
        <TaxCategoryCode>S</TaxCategoryCode>
        <TaxReference>
          <ReferenceType>PKWiU</ReferenceType>
          <ReferenceNumber></ReferenceNumber>
        </TaxReference>
        <TaxAmount>12.57</TaxAmount>
        <NetAmount>54.64</NetAmount>
        <DeliveryBatchNumber>2024113042</DeliveryBatchNumber>
        <DeliveryExpirationDate>2024-11-30</DeliveryExpirationDate>
        <Line-Order>
          <BuyerOrderNumber></BuyerOrderNumber>
          <BuyerOrderDate></BuyerOrderDate>
        </Line-Order>
        <Line-Delivery>
          <DeliveryLocationNumber></DeliveryLocationNumber>
          <DeliveryDate>2023-05-29</DeliveryDate>
          <DespatchNumber></DespatchNumber>
          <Name></Name>
          <CityName></CityName>
          <PostalCode></PostalCode>
          <Country></Country>
        </Line-Delivery>
      </Line-Item>
    </Line>
    <Line>
      <Line-Item>
        <LineNumber>18</LineNumber>
        <EAN>5907502687263</EAN>
        <BuyerItemCode></BuyerItemCode>
        <SupplierItemCode>1S01 BALSAM MYJĄCY</SupplierItemCode>
        <ItemDescription>SYLVECO Balsam myjący do włosów z betuliną</ItemDescription>
        <ItemType>CU</ItemType>
        <InvoiceQuantity>1.0000</InvoiceQuantity>
        <UnitOfMeasure>szt</UnitOfMeasure>
        <InvoiceUnitPacksize>1</InvoiceUnitPacksize>
        <PackItemUnitOfMeasure>PCE</PackItemUnitOfMeasure>
        <InvoiceUnitNetPrice>25.0400</InvoiceUnitNetPrice>
        <TaxRate>23.00</TaxRate>
        <TaxCategoryCode>S</TaxCategoryCode>
        <TaxReference>
          <ReferenceType>PKWiU</ReferenceType>
          <ReferenceNumber>20.42.16.0</ReferenceNumber>
        </TaxReference>
        <TaxAmount>5.76</TaxAmount>
        <NetAmount>25.04</NetAmount>
        <DeliveryBatchNumber>2024033102</DeliveryBatchNumber>
        <DeliveryExpirationDate>2024-03-31</DeliveryExpirationDate>
        <Line-Order>
          <BuyerOrderNumber></BuyerOrderNumber>
          <BuyerOrderDate></BuyerOrderDate>
        </Line-Order>
        <Line-Delivery>
          <DeliveryLocationNumber></DeliveryLocationNumber>
          <DeliveryDate>2023-05-29</DeliveryDate>
          <DespatchNumber></DespatchNumber>
          <Name></Name>
          <CityName></CityName>
          <PostalCode></PostalCode>
          <Country></Country>
        </Line-Delivery>
      </Line-Item>
    </Line>
    <Line>
      <Line-Item>
        <LineNumber>19</LineNumber>
        <EAN>5902249015997</EAN>
        <BuyerItemCode></BuyerItemCode>
        <SupplierItemCode>2B22 BIOLAVEN MASECZKA CAŁONOCNA</SupplierItemCode>
        <ItemDescription>BIOLAVEN Maseczka całonocna do twarzy</ItemDescription>
        <ItemType>CU</ItemType>
        <InvoiceQuantity>1.0000</InvoiceQuantity>
        <UnitOfMeasure>szt</UnitOfMeasure>
        <InvoiceUnitPacksize>1</InvoiceUnitPacksize>
        <PackItemUnitOfMeasure>PCE</PackItemUnitOfMeasure>
        <InvoiceUnitNetPrice>21.0600</InvoiceUnitNetPrice>
        <TaxRate>23.00</TaxRate>
        <TaxCategoryCode>S</TaxCategoryCode>
        <TaxReference>
          <ReferenceType>PKWiU</ReferenceType>
          <ReferenceNumber>20.42.15.0</ReferenceNumber>
        </TaxReference>
        <TaxAmount>4.84</TaxAmount>
        <NetAmount>21.06</NetAmount>
        <DeliveryBatchNumber>2024073110</DeliveryBatchNumber>
        <DeliveryExpirationDate>2024-07-31</DeliveryExpirationDate>
        <Line-Order>
          <BuyerOrderNumber></BuyerOrderNumber>
          <BuyerOrderDate></BuyerOrderDate>
        </Line-Order>
        <Line-Delivery>
          <DeliveryLocationNumber></DeliveryLocationNumber>
          <DeliveryDate>2023-05-29</DeliveryDate>
          <DespatchNumber></DespatchNumber>
          <Name></Name>
          <CityName></CityName>
          <PostalCode></PostalCode>
          <Country></Country>
        </Line-Delivery>
      </Line-Item>
    </Line>
    <Line>
      <Line-Item>
        <LineNumber>20</LineNumber>
        <EAN>5907502687157</EAN>
        <BuyerItemCode></BuyerItemCode>
        <SupplierItemCode>1S22 ŁAGODZĄCY KREM OCZY</SupplierItemCode>
        <ItemDescription>SYLVECO Łagodzący krem pod oczy</ItemDescription>
        <ItemType>CU</ItemType>
        <InvoiceQuantity>4.0000</InvoiceQuantity>
        <UnitOfMeasure>szt</UnitOfMeasure>
        <InvoiceUnitPacksize>1</InvoiceUnitPacksize>
        <PackItemUnitOfMeasure>PCE</PackItemUnitOfMeasure>
        <InvoiceUnitNetPrice>26.1800</InvoiceUnitNetPrice>
        <TaxRate>23.00</TaxRate>
        <TaxCategoryCode>S</TaxCategoryCode>
        <TaxReference>
          <ReferenceType>PKWiU</ReferenceType>
          <ReferenceNumber>20.42.15.0</ReferenceNumber>
        </TaxReference>
        <TaxAmount>24.09</TaxAmount>
        <NetAmount>104.72</NetAmount>
        <DeliveryBatchNumber>2024022938</DeliveryBatchNumber>
        <DeliveryExpirationDate>2024-02-29</DeliveryExpirationDate>
        <Line-Order>
          <BuyerOrderNumber></BuyerOrderNumber>
          <BuyerOrderDate></BuyerOrderDate>
        </Line-Order>
        <Line-Delivery>
          <DeliveryLocationNumber></DeliveryLocationNumber>
          <DeliveryDate>2023-05-29</DeliveryDate>
          <DespatchNumber></DespatchNumber>
          <Name></Name>
          <CityName></CityName>
          <PostalCode></PostalCode>
          <Country></Country>
        </Line-Delivery>
      </Line-Item>
    </Line>
    <Line>
      <Line-Item>
        <LineNumber>21</LineNumber>
        <EAN>5902249011166</EAN>
        <BuyerItemCode></BuyerItemCode>
        <SupplierItemCode>3V99 POMADKA KOJĄCA</SupplierItemCode>
        <ItemDescription>VIANEK Kojąca pomadka ochronna</ItemDescription>
        <ItemType>CU</ItemType>
        <InvoiceQuantity>2.0000</InvoiceQuantity>
        <UnitOfMeasure>szt</UnitOfMeasure>
        <InvoiceUnitPacksize>1</InvoiceUnitPacksize>
        <PackItemUnitOfMeasure>PCE</PackItemUnitOfMeasure>
        <InvoiceUnitNetPrice>7.9700</InvoiceUnitNetPrice>
        <TaxRate>23.00</TaxRate>
        <TaxCategoryCode>S</TaxCategoryCode>
        <TaxReference>
          <ReferenceType>PKWiU</ReferenceType>
          <ReferenceNumber></ReferenceNumber>
        </TaxReference>
        <TaxAmount>3.67</TaxAmount>
        <NetAmount>15.94</NetAmount>
        <DeliveryBatchNumber>2024043056</DeliveryBatchNumber>
        <DeliveryExpirationDate>2024-04-30</DeliveryExpirationDate>
        <Line-Order>
          <BuyerOrderNumber></BuyerOrderNumber>
          <BuyerOrderDate></BuyerOrderDate>
        </Line-Order>
        <Line-Delivery>
          <DeliveryLocationNumber></DeliveryLocationNumber>
          <DeliveryDate>2023-05-29</DeliveryDate>
          <DespatchNumber></DespatchNumber>
          <Name></Name>
          <CityName></CityName>
          <PostalCode></PostalCode>
          <Country></Country>
        </Line-Delivery>
      </Line-Item>
    </Line>
    <Line>
      <Line-Item>
        <LineNumber>22</LineNumber>
        <EAN>5902249011142</EAN>
        <BuyerItemCode></BuyerItemCode>
        <SupplierItemCode>3V98 POMADKA ŁAGODZĄCA</SupplierItemCode>
        <ItemDescription>VIANEK Łagodząca pomadka ochronna</ItemDescription>
        <ItemType>CU</ItemType>
        <InvoiceQuantity>2.0000</InvoiceQuantity>
        <UnitOfMeasure>szt</UnitOfMeasure>
        <InvoiceUnitPacksize>1</InvoiceUnitPacksize>
        <PackItemUnitOfMeasure>PCE</PackItemUnitOfMeasure>
        <InvoiceUnitNetPrice>7.9700</InvoiceUnitNetPrice>
        <TaxRate>23.00</TaxRate>
        <TaxCategoryCode>S</TaxCategoryCode>
        <TaxReference>
          <ReferenceType>PKWiU</ReferenceType>
          <ReferenceNumber></ReferenceNumber>
        </TaxReference>
        <TaxAmount>3.67</TaxAmount>
        <NetAmount>15.94</NetAmount>
        <DeliveryBatchNumber>2024043057</DeliveryBatchNumber>
        <DeliveryExpirationDate>2024-04-30</DeliveryExpirationDate>
        <Line-Order>
          <BuyerOrderNumber></BuyerOrderNumber>
          <BuyerOrderDate></BuyerOrderDate>
        </Line-Order>
        <Line-Delivery>
          <DeliveryLocationNumber></DeliveryLocationNumber>
          <DeliveryDate>2023-05-29</DeliveryDate>
          <DespatchNumber></DespatchNumber>
          <Name></Name>
          <CityName></CityName>
          <PostalCode></PostalCode>
          <Country></Country>
        </Line-Delivery>
      </Line-Item>
    </Line>
    <Line>
      <Line-Item>
        <LineNumber>23</LineNumber>
        <EAN>5902249011159</EAN>
        <BuyerItemCode></BuyerItemCode>
        <SupplierItemCode>3V100 POMADKA ODŻYWCZA</SupplierItemCode>
        <ItemDescription>VIANEK Odżywcza pomadka ochronna</ItemDescription>
        <ItemType>CU</ItemType>
        <InvoiceQuantity>2.0000</InvoiceQuantity>
        <UnitOfMeasure>szt</UnitOfMeasure>
        <InvoiceUnitPacksize>1</InvoiceUnitPacksize>
        <PackItemUnitOfMeasure>PCE</PackItemUnitOfMeasure>
        <InvoiceUnitNetPrice>7.9700</InvoiceUnitNetPrice>
        <TaxRate>23.00</TaxRate>
        <TaxCategoryCode>S</TaxCategoryCode>
        <TaxReference>
          <ReferenceType>PKWiU</ReferenceType>
          <ReferenceNumber></ReferenceNumber>
        </TaxReference>
        <TaxAmount>3.67</TaxAmount>
        <NetAmount>15.94</NetAmount>
        <DeliveryBatchNumber>2024043070</DeliveryBatchNumber>
        <DeliveryExpirationDate>2024-04-30</DeliveryExpirationDate>
        <Line-Order>
          <BuyerOrderNumber></BuyerOrderNumber>
          <BuyerOrderDate></BuyerOrderDate>
        </Line-Order>
        <Line-Delivery>
          <DeliveryLocationNumber></DeliveryLocationNumber>
          <DeliveryDate>2023-05-29</DeliveryDate>
          <DespatchNumber></DespatchNumber>
          <Name></Name>
          <CityName></CityName>
          <PostalCode></PostalCode>
          <Country></Country>
        </Line-Delivery>
      </Line-Item>
    </Line>
    <Line>
      <Line-Item>
        <LineNumber>24</LineNumber>
        <EAN>5902249011173</EAN>
        <BuyerItemCode></BuyerItemCode>
        <SupplierItemCode>3V101 POMADKA REGENERUJĄCA</SupplierItemCode>
        <ItemDescription>VIANEK Regenerująca pomadka ochronna</ItemDescription>
        <ItemType>CU</ItemType>
        <InvoiceQuantity>2.0000</InvoiceQuantity>
        <UnitOfMeasure>szt</UnitOfMeasure>
        <InvoiceUnitPacksize>1</InvoiceUnitPacksize>
        <PackItemUnitOfMeasure>PCE</PackItemUnitOfMeasure>
        <InvoiceUnitNetPrice>7.9700</InvoiceUnitNetPrice>
        <TaxRate>23.00</TaxRate>
        <TaxCategoryCode>S</TaxCategoryCode>
        <TaxReference>
          <ReferenceType>PKWiU</ReferenceType>
          <ReferenceNumber></ReferenceNumber>
        </TaxReference>
        <TaxAmount>3.67</TaxAmount>
        <NetAmount>15.94</NetAmount>
        <DeliveryBatchNumber>2024043067</DeliveryBatchNumber>
        <DeliveryExpirationDate>2024-04-30</DeliveryExpirationDate>
        <Line-Order>
          <BuyerOrderNumber></BuyerOrderNumber>
          <BuyerOrderDate></BuyerOrderDate>
        </Line-Order>
        <Line-Delivery>
          <DeliveryLocationNumber></DeliveryLocationNumber>
          <DeliveryDate>2023-05-29</DeliveryDate>
          <DespatchNumber></DespatchNumber>
          <Name></Name>
          <CityName></CityName>
          <PostalCode></PostalCode>
          <Country></Country>
        </Line-Delivery>
      </Line-Item>
    </Line>
    <Line>
      <Line-Item>
        <LineNumber>25</LineNumber>
        <EAN>5902249012118</EAN>
        <BuyerItemCode></BuyerItemCode>
        <SupplierItemCode>8O08 OLEIQ HYDROLAT OGÓREK</SupplierItemCode>
        <ItemDescription>OLEIQ Hydrolat ogórek</ItemDescription>
        <ItemType>CU</ItemType>
        <InvoiceQuantity>4.0000</InvoiceQuantity>
        <UnitOfMeasure>szt</UnitOfMeasure>
        <InvoiceUnitPacksize>1</InvoiceUnitPacksize>
        <PackItemUnitOfMeasure>PCE</PackItemUnitOfMeasure>
        <InvoiceUnitNetPrice>1.0000</InvoiceUnitNetPrice>
        <TaxRate>23.00</TaxRate>
        <TaxCategoryCode>S</TaxCategoryCode>
        <TaxReference>
          <ReferenceType>PKWiU</ReferenceType>
          <ReferenceNumber></ReferenceNumber>
        </TaxReference>
        <TaxAmount>0.92</TaxAmount>
        <NetAmount>4.00</NetAmount>
        <DeliveryBatchNumber>2024013111</DeliveryBatchNumber>
        <DeliveryExpirationDate>2024-01-31</DeliveryExpirationDate>
        <Line-Order>
          <BuyerOrderNumber></BuyerOrderNumber>
          <BuyerOrderDate></BuyerOrderDate>
        </Line-Order>
        <Line-Delivery>
          <DeliveryLocationNumber></DeliveryLocationNumber>
          <DeliveryDate>2023-05-29</DeliveryDate>
          <DespatchNumber></DespatchNumber>
          <Name></Name>
          <CityName></CityName>
          <PostalCode></PostalCode>
          <Country></Country>
        </Line-Delivery>
      </Line-Item>
    </Line>
    <Line>
      <Line-Item>
        <LineNumber>26</LineNumber>
        <EAN>5902249016864</EAN>
        <BuyerItemCode></BuyerItemCode>
        <SupplierItemCode>2B24 BIOLAVEN MGIEŁKA DO CIAŁA</SupplierItemCode>
        <ItemDescription>BIOLAVEN Mgiełka do ciała</ItemDescription>
        <ItemType>CU</ItemType>
        <InvoiceQuantity>4.0000</InvoiceQuantity>
        <UnitOfMeasure>szt</UnitOfMeasure>
        <InvoiceUnitPacksize>1</InvoiceUnitPacksize>
        <PackItemUnitOfMeasure>PCE</PackItemUnitOfMeasure>
        <InvoiceUnitNetPrice>1.0000</InvoiceUnitNetPrice>
        <TaxRate>23.00</TaxRate>
        <TaxCategoryCode>S</TaxCategoryCode>
        <TaxReference>
          <ReferenceType>PKWiU</ReferenceType>
          <ReferenceNumber>20.42.15.0</ReferenceNumber>
        </TaxReference>
        <TaxAmount>0.92</TaxAmount>
        <NetAmount>4.00</NetAmount>
        <DeliveryBatchNumber>2024083109</DeliveryBatchNumber>
        <DeliveryExpirationDate>2024-08-31</DeliveryExpirationDate>
        <Line-Order>
          <BuyerOrderNumber></BuyerOrderNumber>
          <BuyerOrderDate></BuyerOrderDate>
        </Line-Order>
        <Line-Delivery>
          <DeliveryLocationNumber></DeliveryLocationNumber>
          <DeliveryDate>2023-05-29</DeliveryDate>
          <DespatchNumber></DespatchNumber>
          <Name></Name>
          <CityName></CityName>
          <PostalCode></PostalCode>
          <Country></Country>
        </Line-Delivery>
      </Line-Item>
    </Line>
    <Line>
      <Line-Item>
        <LineNumber>27</LineNumber>
        <EAN>5902249017465</EAN>
        <BuyerItemCode></BuyerItemCode>
        <SupplierItemCode>1S80 SYLVECO KREM DO TWARZY SPF 30</SupplierItemCode>
        <ItemDescription>SYLVECO Krem ochronny do twarzy SPF 30</ItemDescription>
        <ItemType>CU</ItemType>
        <InvoiceQuantity>4.0000</InvoiceQuantity>
        <UnitOfMeasure>szt</UnitOfMeasure>
        <InvoiceUnitPacksize>1</InvoiceUnitPacksize>
        <PackItemUnitOfMeasure>PCE</PackItemUnitOfMeasure>
        <InvoiceUnitNetPrice>24.3900</InvoiceUnitNetPrice>
        <TaxRate>23.00</TaxRate>
        <TaxCategoryCode>S</TaxCategoryCode>
        <TaxReference>
          <ReferenceType>PKWiU</ReferenceType>
          <ReferenceNumber></ReferenceNumber>
        </TaxReference>
        <TaxAmount>22.44</TaxAmount>
        <NetAmount>97.56</NetAmount>
        <DeliveryBatchNumber>2024053101</DeliveryBatchNumber>
        <DeliveryExpirationDate>2024-05-31</DeliveryExpirationDate>
        <Line-Order>
          <BuyerOrderNumber></BuyerOrderNumber>
          <BuyerOrderDate></BuyerOrderDate>
        </Line-Order>
        <Line-Delivery>
          <DeliveryLocationNumber></DeliveryLocationNumber>
          <DeliveryDate>2023-05-29</DeliveryDate>
          <DespatchNumber></DespatchNumber>
          <Name></Name>
          <CityName></CityName>
          <PostalCode></PostalCode>
          <Country></Country>
        </Line-Delivery>
      </Line-Item>
    </Line>
    <Line>
      <Line-Item>
        <LineNumber>28</LineNumber>
        <EAN>5902249017472</EAN>
        <BuyerItemCode></BuyerItemCode>
        <SupplierItemCode>1S79 SYLVECO BALSAM DO CIAŁA SPF 50</SupplierItemCode>
        <ItemDescription>SYLVECO Balsam ochronny do ciała SPF 50</ItemDescription>
        <ItemType>CU</ItemType>
        <InvoiceQuantity>3.0000</InvoiceQuantity>
        <UnitOfMeasure>szt</UnitOfMeasure>
        <InvoiceUnitPacksize>1</InvoiceUnitPacksize>
        <PackItemUnitOfMeasure>PCE</PackItemUnitOfMeasure>
        <InvoiceUnitNetPrice>24.3900</InvoiceUnitNetPrice>
        <TaxRate>23.00</TaxRate>
        <TaxCategoryCode>S</TaxCategoryCode>
        <TaxReference>
          <ReferenceType>PKWiU</ReferenceType>
          <ReferenceNumber></ReferenceNumber>
        </TaxReference>
        <TaxAmount>16.83</TaxAmount>
        <NetAmount>73.17</NetAmount>
        <DeliveryBatchNumber>2024053102</DeliveryBatchNumber>
        <DeliveryExpirationDate>2024-05-31</DeliveryExpirationDate>
        <Line-Order>
          <BuyerOrderNumber></BuyerOrderNumber>
          <BuyerOrderDate></BuyerOrderDate>
        </Line-Order>
        <Line-Delivery>
          <DeliveryLocationNumber></DeliveryLocationNumber>
          <DeliveryDate>2023-05-29</DeliveryDate>
          <DespatchNumber></DespatchNumber>
          <Name></Name>
          <CityName></CityName>
          <PostalCode></PostalCode>
          <Country></Country>
        </Line-Delivery>
      </Line-Item>
    </Line>
    <Line>
      <Line-Item>
        <LineNumber>29</LineNumber>
        <EAN>5902249017533</EAN>
        <BuyerItemCode></BuyerItemCode>
        <SupplierItemCode>3V110 VIANEK NORMALIZUJĄCY KREM SPF 50</SupplierItemCode>
        <ItemDescription>VIANEK Normalizujący krem ochronny do twarzy SPF 50</ItemDescription>
        <ItemType>CU</ItemType>
        <InvoiceQuantity>4.0000</InvoiceQuantity>
        <UnitOfMeasure>szt</UnitOfMeasure>
        <InvoiceUnitPacksize>1</InvoiceUnitPacksize>
        <PackItemUnitOfMeasure>PCE</PackItemUnitOfMeasure>
        <InvoiceUnitNetPrice>21.9500</InvoiceUnitNetPrice>
        <TaxRate>23.00</TaxRate>
        <TaxCategoryCode>S</TaxCategoryCode>
        <TaxReference>
          <ReferenceType>PKWiU</ReferenceType>
          <ReferenceNumber></ReferenceNumber>
        </TaxReference>
        <TaxAmount>20.19</TaxAmount>
        <NetAmount>87.80</NetAmount>
        <DeliveryBatchNumber>2024103101</DeliveryBatchNumber>
        <DeliveryExpirationDate>2024-10-31</DeliveryExpirationDate>
        <Line-Order>
          <BuyerOrderNumber></BuyerOrderNumber>
          <BuyerOrderDate></BuyerOrderDate>
        </Line-Order>
        <Line-Delivery>
          <DeliveryLocationNumber></DeliveryLocationNumber>
          <DeliveryDate>2023-05-29</DeliveryDate>
          <DespatchNumber></DespatchNumber>
          <Name></Name>
          <CityName></CityName>
          <PostalCode></PostalCode>
          <Country></Country>
        </Line-Delivery>
      </Line-Item>
    </Line>
    <Line>
      <Line-Item>
        <LineNumber>30</LineNumber>
        <EAN>5902249017540</EAN>
        <BuyerItemCode></BuyerItemCode>
        <SupplierItemCode>3V111 VIANEK ODŻYWCZY BALSAM SPF 30</SupplierItemCode>
        <ItemDescription>VIANEK Odżywczy balsam ochronny do ciała SPF 30</ItemDescription>
        <ItemType>CU</ItemType>
        <InvoiceQuantity>3.0000</InvoiceQuantity>
        <UnitOfMeasure>szt</UnitOfMeasure>
        <InvoiceUnitPacksize>1</InvoiceUnitPacksize>
        <PackItemUnitOfMeasure>PCE</PackItemUnitOfMeasure>
        <InvoiceUnitNetPrice>19.5100</InvoiceUnitNetPrice>
        <TaxRate>23.00</TaxRate>
        <TaxCategoryCode>S</TaxCategoryCode>
        <TaxReference>
          <ReferenceType>PKWiU</ReferenceType>
          <ReferenceNumber></ReferenceNumber>
        </TaxReference>
        <TaxAmount>13.46</TaxAmount>
        <NetAmount>58.53</NetAmount>
        <DeliveryBatchNumber>2024113003</DeliveryBatchNumber>
        <DeliveryExpirationDate>2024-11-30</DeliveryExpirationDate>
        <Line-Order>
          <BuyerOrderNumber></BuyerOrderNumber>
          <BuyerOrderDate></BuyerOrderDate>
        </Line-Order>
        <Line-Delivery>
          <DeliveryLocationNumber></DeliveryLocationNumber>
          <DeliveryDate>2023-05-29</DeliveryDate>
          <DespatchNumber></DespatchNumber>
          <Name></Name>
          <CityName></CityName>
          <PostalCode></PostalCode>
          <Country></Country>
        </Line-Delivery>
      </Line-Item>
    </Line>
    <Line>
      <Line-Item>
        <LineNumber>31</LineNumber>
        <EAN>5902249017526</EAN>
        <BuyerItemCode></BuyerItemCode>
        <SupplierItemCode>3V109 VIANEK NAWILŻAJĄCY KREM SPF 50</SupplierItemCode>
        <ItemDescription>VIANEK Nawilżający krem ochronny do twarzy SPF 50</ItemDescription>
        <ItemType>CU</ItemType>
        <InvoiceQuantity>4.0000</InvoiceQuantity>
        <UnitOfMeasure>szt</UnitOfMeasure>
        <InvoiceUnitPacksize>1</InvoiceUnitPacksize>
        <PackItemUnitOfMeasure>PCE</PackItemUnitOfMeasure>
        <InvoiceUnitNetPrice>21.9500</InvoiceUnitNetPrice>
        <TaxRate>23.00</TaxRate>
        <TaxCategoryCode>S</TaxCategoryCode>
        <TaxReference>
          <ReferenceType>PKWiU</ReferenceType>
          <ReferenceNumber></ReferenceNumber>
        </TaxReference>
        <TaxAmount>20.19</TaxAmount>
        <NetAmount>87.80</NetAmount>
        <DeliveryBatchNumber>2024103101</DeliveryBatchNumber>
        <DeliveryExpirationDate>2024-10-31</DeliveryExpirationDate>
        <Line-Order>
          <BuyerOrderNumber></BuyerOrderNumber>
          <BuyerOrderDate></BuyerOrderDate>
        </Line-Order>
        <Line-Delivery>
          <DeliveryLocationNumber></DeliveryLocationNumber>
          <DeliveryDate>2023-05-29</DeliveryDate>
          <DespatchNumber></DespatchNumber>
          <Name></Name>
          <CityName></CityName>
          <PostalCode></PostalCode>
          <Country></Country>
        </Line-Delivery>
      </Line-Item>
    </Line>
    <Line>
      <Line-Item>
        <LineNumber>32</LineNumber>
        <EAN>5902249017519</EAN>
        <BuyerItemCode></BuyerItemCode>
        <SupplierItemCode>3V108 VIANEK ŁAGODZĄCY KREM SPF 50</SupplierItemCode>
        <ItemDescription>VIANEK Łagodzący krem ochronny do twarzy SPF 50</ItemDescription>
        <ItemType>CU</ItemType>
        <InvoiceQuantity>4.0000</InvoiceQuantity>
        <UnitOfMeasure>szt</UnitOfMeasure>
        <InvoiceUnitPacksize>1</InvoiceUnitPacksize>
        <PackItemUnitOfMeasure>PCE</PackItemUnitOfMeasure>
        <InvoiceUnitNetPrice>21.9500</InvoiceUnitNetPrice>
        <TaxRate>23.00</TaxRate>
        <TaxCategoryCode>S</TaxCategoryCode>
        <TaxReference>
          <ReferenceType>PKWiU</ReferenceType>
          <ReferenceNumber></ReferenceNumber>
        </TaxReference>
        <TaxAmount>20.19</TaxAmount>
        <NetAmount>87.80</NetAmount>
        <DeliveryBatchNumber>2024103101</DeliveryBatchNumber>
        <DeliveryExpirationDate>2024-10-31</DeliveryExpirationDate>
        <Line-Order>
          <BuyerOrderNumber></BuyerOrderNumber>
          <BuyerOrderDate></BuyerOrderDate>
        </Line-Order>
        <Line-Delivery>
          <DeliveryLocationNumber></DeliveryLocationNumber>
          <DeliveryDate>2023-05-29</DeliveryDate>
          <DespatchNumber></DespatchNumber>
          <Name></Name>
          <CityName></CityName>
          <PostalCode></PostalCode>
          <Country></Country>
        </Line-Delivery>
      </Line-Item>
    </Line>
    <Line>
      <Line-Item>
        <LineNumber>33</LineNumber>
        <EAN>5902249017496</EAN>
        <BuyerItemCode></BuyerItemCode>
        <SupplierItemCode>1S84 SYLVECO 3 PLUS KREM SPF 50</SupplierItemCode>
        <ItemDescription>SYLVECO dla dzieci 3+ Przeciwsłoneczny krem do twarzy SPF 50</ItemDescription>
        <ItemType>CU</ItemType>
        <InvoiceQuantity>4.0000</InvoiceQuantity>
        <UnitOfMeasure>szt</UnitOfMeasure>
        <InvoiceUnitPacksize>1</InvoiceUnitPacksize>
        <PackItemUnitOfMeasure>PCE</PackItemUnitOfMeasure>
        <InvoiceUnitNetPrice>19.5100</InvoiceUnitNetPrice>
        <TaxRate>23.00</TaxRate>
        <TaxCategoryCode>S</TaxCategoryCode>
        <TaxReference>
          <ReferenceType>PKWiU</ReferenceType>
          <ReferenceNumber></ReferenceNumber>
        </TaxReference>
        <TaxAmount>17.95</TaxAmount>
        <NetAmount>78.04</NetAmount>
        <DeliveryBatchNumber>2024053101</DeliveryBatchNumber>
        <DeliveryExpirationDate>2024-05-31</DeliveryExpirationDate>
        <Line-Order>
          <BuyerOrderNumber></BuyerOrderNumber>
          <BuyerOrderDate></BuyerOrderDate>
        </Line-Order>
        <Line-Delivery>
          <DeliveryLocationNumber></DeliveryLocationNumber>
          <DeliveryDate>2023-05-29</DeliveryDate>
          <DespatchNumber></DespatchNumber>
          <Name></Name>
          <CityName></CityName>
          <PostalCode></PostalCode>
          <Country></Country>
        </Line-Delivery>
      </Line-Item>
    </Line>
    <Line>
      <Line-Item>
        <LineNumber>34</LineNumber>
        <EAN>5902249017502</EAN>
        <BuyerItemCode></BuyerItemCode>
        <SupplierItemCode>1S83 SYLVECO 3 PLUS BALSAM SPF 50</SupplierItemCode>
        <ItemDescription>SYLVECO dla dzieci 3+ Balsam przeciwsłoneczny SPF 50</ItemDescription>
        <ItemType>CU</ItemType>
        <InvoiceQuantity>3.0000</InvoiceQuantity>
        <UnitOfMeasure>szt</UnitOfMeasure>
        <InvoiceUnitPacksize>1</InvoiceUnitPacksize>
        <PackItemUnitOfMeasure>PCE</PackItemUnitOfMeasure>
        <InvoiceUnitNetPrice>24.3900</InvoiceUnitNetPrice>
        <TaxRate>23.00</TaxRate>
        <TaxCategoryCode>S</TaxCategoryCode>
        <TaxReference>
          <ReferenceType>PKWiU</ReferenceType>
          <ReferenceNumber></ReferenceNumber>
        </TaxReference>
        <TaxAmount>16.83</TaxAmount>
        <NetAmount>73.17</NetAmount>
        <DeliveryBatchNumber>2024053103</DeliveryBatchNumber>
        <DeliveryExpirationDate>2024-05-31</DeliveryExpirationDate>
        <Line-Order>
          <BuyerOrderNumber></BuyerOrderNumber>
          <BuyerOrderDate></BuyerOrderDate>
        </Line-Order>
        <Line-Delivery>
          <DeliveryLocationNumber></DeliveryLocationNumber>
          <DeliveryDate>2023-05-29</DeliveryDate>
          <DespatchNumber></DespatchNumber>
          <Name></Name>
          <CityName></CityName>
          <PostalCode></PostalCode>
          <Country></Country>
        </Line-Delivery>
      </Line-Item>
    </Line>
    <Line>
      <Line-Item>
        <LineNumber>35</LineNumber>
        <EAN>5902249017458</EAN>
        <BuyerItemCode></BuyerItemCode>
        <SupplierItemCode>1S81 SYLVECO KREM DO TWARZY SPF 50</SupplierItemCode>
        <ItemDescription>SYLVECO Krem ochronny do twarzy SPF 50</ItemDescription>
        <ItemType>CU</ItemType>
        <InvoiceQuantity>4.0000</InvoiceQuantity>
        <UnitOfMeasure>szt</UnitOfMeasure>
        <InvoiceUnitPacksize>1</InvoiceUnitPacksize>
        <PackItemUnitOfMeasure>PCE</PackItemUnitOfMeasure>
        <InvoiceUnitNetPrice>24.3900</InvoiceUnitNetPrice>
        <TaxRate>23.00</TaxRate>
        <TaxCategoryCode>S</TaxCategoryCode>
        <TaxReference>
          <ReferenceType>PKWiU</ReferenceType>
          <ReferenceNumber></ReferenceNumber>
        </TaxReference>
        <TaxAmount>22.44</TaxAmount>
        <NetAmount>97.56</NetAmount>
        <DeliveryBatchNumber>2024053101</DeliveryBatchNumber>
        <DeliveryExpirationDate>2024-05-31</DeliveryExpirationDate>
        <Line-Order>
          <BuyerOrderNumber></BuyerOrderNumber>
          <BuyerOrderDate></BuyerOrderDate>
        </Line-Order>
        <Line-Delivery>
          <DeliveryLocationNumber></DeliveryLocationNumber>
          <DeliveryDate>2023-05-29</DeliveryDate>
          <DespatchNumber></DespatchNumber>
          <Name></Name>
          <CityName></CityName>
          <PostalCode></PostalCode>
          <Country></Country>
        </Line-Delivery>
      </Line-Item>
    </Line>
    <Line>
      <Line-Item>
        <LineNumber>36</LineNumber>
        <EAN>5902249017250</EAN>
        <BuyerItemCode></BuyerItemCode>
        <SupplierItemCode>AB11 ALOESOVE ŻELOWA REGENERACJA</SupplierItemCode>
        <ItemDescription>ALOESOVE Żelowa regeneracja do twarzy, ciała i włosów 250 ml</ItemDescription>
        <ItemType>CU</ItemType>
        <InvoiceQuantity>3.0000</InvoiceQuantity>
        <UnitOfMeasure>szt</UnitOfMeasure>
        <InvoiceUnitPacksize>1</InvoiceUnitPacksize>
        <PackItemUnitOfMeasure>PCE</PackItemUnitOfMeasure>
        <InvoiceUnitNetPrice>19.0200</InvoiceUnitNetPrice>
        <TaxRate>23.00</TaxRate>
        <TaxCategoryCode>S</TaxCategoryCode>
        <TaxReference>
          <ReferenceType>PKWiU</ReferenceType>
          <ReferenceNumber></ReferenceNumber>
        </TaxReference>
        <TaxAmount>13.12</TaxAmount>
        <NetAmount>57.06</NetAmount>
        <DeliveryBatchNumber>2024103104</DeliveryBatchNumber>
        <DeliveryExpirationDate>2024-10-31</DeliveryExpirationDate>
        <Line-Order>
          <BuyerOrderNumber></BuyerOrderNumber>
          <BuyerOrderDate></BuyerOrderDate>
        </Line-Order>
        <Line-Delivery>
          <DeliveryLocationNumber></DeliveryLocationNumber>
          <DeliveryDate>2023-05-29</DeliveryDate>
          <DespatchNumber></DespatchNumber>
          <Name></Name>
          <CityName></CityName>
          <PostalCode></PostalCode>
          <Country></Country>
        </Line-Delivery>
      </Line-Item>
    </Line>
    <Line>
      <Line-Item>
        <LineNumber>37</LineNumber>
        <EAN>5907502687225</EAN>
        <BuyerItemCode></BuyerItemCode>
        <SupplierItemCode>1S06 KOJĄCY BALSAM DO CIA</SupplierItemCode>
        <ItemDescription>SYLVECO Kojący balsam do ciała</ItemDescription>
        <ItemType>CU</ItemType>
        <InvoiceQuantity>3.0000</InvoiceQuantity>
        <UnitOfMeasure>szt</UnitOfMeasure>
        <InvoiceUnitPacksize>1</InvoiceUnitPacksize>
        <PackItemUnitOfMeasure>PCE</PackItemUnitOfMeasure>
        <InvoiceUnitNetPrice>21.9500</InvoiceUnitNetPrice>
        <TaxRate>23.00</TaxRate>
        <TaxCategoryCode>S</TaxCategoryCode>
        <TaxReference>
          <ReferenceType>PKWiU</ReferenceType>
          <ReferenceNumber>20.42.15.0</ReferenceNumber>
        </TaxReference>
        <TaxAmount>15.15</TaxAmount>
        <NetAmount>65.85</NetAmount>
        <DeliveryBatchNumber>2024043032</DeliveryBatchNumber>
        <DeliveryExpirationDate>2024-04-30</DeliveryExpirationDate>
        <Line-Order>
          <BuyerOrderNumber></BuyerOrderNumber>
          <BuyerOrderDate></BuyerOrderDate>
        </Line-Order>
        <Line-Delivery>
          <DeliveryLocationNumber></DeliveryLocationNumber>
          <DeliveryDate>2023-05-29</DeliveryDate>
          <DespatchNumber></DespatchNumber>
          <Name></Name>
          <CityName></CityName>
          <PostalCode></PostalCode>
          <Country></Country>
        </Line-Delivery>
      </Line-Item>
    </Line>
    <Line>
      <Line-Item>
        <LineNumber>38</LineNumber>
        <EAN>5907502687096</EAN>
        <BuyerItemCode></BuyerItemCode>
        <SupplierItemCode>1S26 REGENERUJĄCY DO.STÓP</SupplierItemCode>
        <ItemDescription>SYLVECO Regenerujący krem do stóp</ItemDescription>
        <ItemType>CU</ItemType>
        <InvoiceQuantity>2.0000</InvoiceQuantity>
        <UnitOfMeasure>szt</UnitOfMeasure>
        <InvoiceUnitPacksize>1</InvoiceUnitPacksize>
        <PackItemUnitOfMeasure>PCE</PackItemUnitOfMeasure>
        <InvoiceUnitNetPrice>1.0000</InvoiceUnitNetPrice>
        <TaxRate>23.00</TaxRate>
        <TaxCategoryCode>S</TaxCategoryCode>
        <TaxReference>
          <ReferenceType>PKWiU</ReferenceType>
          <ReferenceNumber>20.42.15.0</ReferenceNumber>
        </TaxReference>
        <TaxAmount>0.46</TaxAmount>
        <NetAmount>2.00</NetAmount>
        <DeliveryBatchNumber>2024053133</DeliveryBatchNumber>
        <DeliveryExpirationDate>2024-05-31</DeliveryExpirationDate>
        <Line-Order>
          <BuyerOrderNumber></BuyerOrderNumber>
          <BuyerOrderDate></BuyerOrderDate>
        </Line-Order>
        <Line-Delivery>
          <DeliveryLocationNumber></DeliveryLocationNumber>
          <DeliveryDate>2023-05-29</DeliveryDate>
          <DespatchNumber></DespatchNumber>
          <Name></Name>
          <CityName></CityName>
          <PostalCode></PostalCode>
          <Country></Country>
        </Line-Delivery>
      </Line-Item>
    </Line>
    <Line>
      <Line-Item>
        <LineNumber>39</LineNumber>
        <EAN>5907502687812</EAN>
        <BuyerItemCode></BuyerItemCode>
        <SupplierItemCode>3V24 NAW.KREM DO STÓP</SupplierItemCode>
        <ItemDescription>VIANEK Nawilżający krem do stóp</ItemDescription>
        <ItemType>CU</ItemType>
        <InvoiceQuantity>2.0000</InvoiceQuantity>
        <UnitOfMeasure>szt</UnitOfMeasure>
        <InvoiceUnitPacksize>1</InvoiceUnitPacksize>
        <PackItemUnitOfMeasure>PCE</PackItemUnitOfMeasure>
        <InvoiceUnitNetPrice>1.0000</InvoiceUnitNetPrice>
        <TaxRate>23.00</TaxRate>
        <TaxCategoryCode>S</TaxCategoryCode>
        <TaxReference>
          <ReferenceType>PKWiU</ReferenceType>
          <ReferenceNumber>20.42.15.0</ReferenceNumber>
        </TaxReference>
        <TaxAmount>0.46</TaxAmount>
        <NetAmount>2.00</NetAmount>
        <DeliveryBatchNumber>2024113027</DeliveryBatchNumber>
        <DeliveryExpirationDate>2024-11-30</DeliveryExpirationDate>
        <Line-Order>
          <BuyerOrderNumber></BuyerOrderNumber>
          <BuyerOrderDate></BuyerOrderDate>
        </Line-Order>
        <Line-Delivery>
          <DeliveryLocationNumber></DeliveryLocationNumber>
          <DeliveryDate>2023-05-29</DeliveryDate>
          <DespatchNumber></DespatchNumber>
          <Name></Name>
          <CityName></CityName>
          <PostalCode></PostalCode>
          <Country></Country>
        </Line-Delivery>
      </Line-Item>
    </Line>
  </Invoice-Lines>
  <Invoice-Summary>
    <TotalLines>39</TotalLines>
    <TotalNetAmount>1537.72</TotalNetAmount>
    <TotalTaxableBasis>1537.72</TotalTaxableBasis>
    <TotalTaxAmount>353.68</TotalTaxAmount>
    <TotalGrossAmount>1891.40</TotalGrossAmount>
    <GrossAmountInWords>jeden tysiąc osiemset dziewięćdziesiąt jeden PLN 40/100</GrossAmountInWords>
    <Tax-Summary>
      <Tax-Summary-Line>
        <TaxRate>23.00</TaxRate>
        <TaxCategoryCode>S</TaxCategoryCode>
        <TaxAmount>353.68</TaxAmount>
        <TaxableBasis>1537.72</TaxableBasis>
        <TaxableAmount>1537.72</TaxableAmount>
        <GrossAmount>1891.40</GrossAmount>
      </Tax-Summary-Line>
    </Tax-Summary>
  </Invoice-Summary>
</Document-Invoice>